Arm Position,Body Part,x,z,Dominant Hand
pointR,elbow,0.27251086,-0.099185842,1
pointR,hand,0.527069301,0.1553726,1
pointPP,elbow,0.285594248,0.050357972,1
pointPP,hand,0.378769105,0.398091269,1
pointMM,elbow,0.186408407,-0.222152889,1
pointMM,hand,0.534141704,-0.128978032,1
pointPM,elbow,0.285594248,0.050357972,1
pointPM,hand,0.633327546,0.143532828,1
pointMP,elbow,0.186408407,-0.222152889,1
pointMP,hand,0.279583263,0.125580409,1
