Arm Position,Body Part,x,z,Dominant Hand
pointR,elbow,0.22627417,-0.22627417,1
pointR,hand,0.480832611,0.028284271,1
pointPP,elbow,0.309096264,-0.082822094,1
pointPP,hand,0.402271121,0.264911203,1
pointMM,elbow,0.082822094,-0.309096264,1
pointMM,hand,0.430555392,-0.215921408,1
pointPM,elbow,0.309096264,-0.082822094,1
pointPM,hand,0.656829562,0.010352762,1
pointMP,elbow,0.082822094,-0.309096264,1
pointMP,hand,0.175996951,0.038637033,1
