Arm Position,Body Part,x,z,Dominant Hand
pointR,elbow,0.240416306,-0.240416306,1
pointR,hand,0.487903679,0.007071068,1
pointPP,elbow,0.328414781,-0.087998475,1
pointPP,hand,0.419001447,0.250075564,1
pointMM,elbow,0.087998475,-0.328414781,1
pointMM,hand,0.426072515,-0.237828115,1
pointPM,elbow,0.328414781,-0.087998475,1
pointPM,hand,0.66648882,0.00258819,1
pointMP,elbow,0.087998475,-0.328414781,1
pointMP,hand,0.178585141,0.009659258,1
