Arm Position,Body Part,x,z,Dominant Hand
pointR,elbow,-0.29,0,-1
pointR,hand,-0.29,0.37,-1
pointPP,elbow,-0.251147367,0.145,-1
pointPP,hand,-0.066147367,0.465429399,-1
pointMM,elbow,-0.251147367,-0.145,-1
pointMM,hand,-0.436147367,0.175429399,-1
pointPM,elbow,-0.251147367,0.145,-1
pointPM,hand,-0.436147367,0.465429399,-1
pointMP,elbow,-0.251147367,-0.145,-1
pointMP,hand,-0.066147367,0.175429399,-1